6 Subscribers, 34.00
6 Subscribers, 30.00
6 Subscribers, 28.00
6 Subscribers, 30.00
6 Subscribers, 32.00
6 Subscribers, 38.00
6 Subscribers, 34.00
6 Subscribers, 33.00
6 Subscribers, 28.00
6 Subscribers, 29.00
6 Subscribers, 27.00
6 Subscribers, 27.00
6 Subscribers, 32.00
6 Subscribers, 38.00
6 Subscribers, 32.00
6 Subscribers, 25.00
6 Subscribers, 35.00
6 Subscribers, 45.00
6 Subscribers, 29.00
6 Subscribers, 29.00
6 Subscribers, 29.00
6 Subscribers, 34.00
6 Subscribers, 35.00
6 Subscribers, 27.00
6 Subscribers, 33.00
6 Subscribers, 33.00
6 Subscribers, 27.00
6 Subscribers, 37.00
6 Subscribers, 41.00
6 Subscribers, 24.00
6 Subscribers, 37.00
6 Subscribers, 26.00
6 Subscribers, 29.00
6 Subscribers, 38.00
6 Subscribers, 28.00
6 Subscribers, 39.00
6 Subscribers, 43.00
6 Subscribers, 32.00
6 Subscribers, 28.00
6 Subscribers, 35.00
6 Subscribers, 32.00
6 Subscribers, 30.00
6 Subscribers, 45.00
6 Subscribers, 40.00
6 Subscribers, 49.00
6 Subscribers, 44.00
6 Subscribers, 40.00
6 Subscribers, 30.00
6 Subscribers, 30.00
6 Subscribers, 31.00
6 Subscribers, 28.00
6 Subscribers, 35.00
6 Subscribers, 32.00
6 Subscribers, 29.00
6 Subscribers, 29.00
6 Subscribers, 26.00
6 Subscribers, 39.00
6 Subscribers, 39.00
6 Subscribers, 24.00
6 Subscribers, 38.00
6 Subscribers, 35.00
6 Subscribers, 38.00
6 Subscribers, 25.00
6 Subscribers, 31.00
6 Subscribers, 31.00
6 Subscribers, 35.00
6 Subscribers, 44.00
6 Subscribers, 25.00
6 Subscribers, 32.00
6 Subscribers, 28.00
6 Subscribers, 34.00
6 Subscribers, 33.00
6 Subscribers, 32.00
6 Subscribers, 35.00
6 Subscribers, 35.00
6 Subscribers, 28.00
6 Subscribers, 30.00
6 Subscribers, 37.00
6 Subscribers, 28.00
6 Subscribers, 33.00
6 Subscribers, 43.00
6 Subscribers, 36.00
6 Subscribers, 34.00
6 Subscribers, 28.00
6 Subscribers, 35.00
6 Subscribers, 39.00
6 Subscribers, 33.00
6 Subscribers, 33.00
6 Subscribers, 30.00
6 Subscribers, 26.00
6 Subscribers, 32.00
6 Subscribers, 37.00
6 Subscribers, 40.00
6 Subscribers, 44.00
6 Subscribers, 34.00
6 Subscribers, 37.00
6 Subscribers, 37.00
6 Subscribers, 33.00
6 Subscribers, 31.00
6 Subscribers, 25.00
6 Subscribers, 32.00
6 Subscribers, 33.00
6 Subscribers, 27.00
6 Subscribers, 34.00
6 Subscribers, 34.00
6 Subscribers, 43.00
6 Subscribers, 32.00
6 Subscribers, 40.00
6 Subscribers, 29.00
6 Subscribers, 50.00
6 Subscribers, 25.00
6 Subscribers, 36.00
6 Subscribers, 35.00
6 Subscribers, 37.00
6 Subscribers, 37.00
6 Subscribers, 30.00
6 Subscribers, 45.00
6 Subscribers, 45.00
6 Subscribers, 28.00
6 Subscribers, 28.00
6 Subscribers, 36.00
6 Subscribers, 37.00
6 Subscribers, 33.00
6 Subscribers, 35.00
6 Subscribers, 33.00
6 Subscribers, 35.00
6 Subscribers, 38.00
6 Subscribers, 27.00
6 Subscribers, 39.00
6 Subscribers, 34.00
6 Subscribers, 42.00
6 Subscribers, 26.00
6 Subscribers, 30.00
6 Subscribers, 33.00
6 Subscribers, 33.00
6 Subscribers, 34.00
6 Subscribers, 43.00
6 Subscribers, 32.00
6 Subscribers, 43.00
6 Subscribers, 32.00
6 Subscribers, 44.00
6 Subscribers, 36.00
6 Subscribers, 38.00
6 Subscribers, 26.00
6 Subscribers, 36.00
6 Subscribers, 39.00
6 Subscribers, 35.00
6 Subscribers, 31.00
6 Subscribers, 34.00
6 Subscribers, 29.00
6 Subscribers, 34.00
6 Subscribers, 23.00
6 Subscribers, 34.00
6 Subscribers, 31.00
6 Subscribers, 42.00
6 Subscribers, 33.00
6 Subscribers, 29.00
6 Subscribers, 41.00
6 Subscribers, 36.00
6 Subscribers, 30.00
6 Subscribers, 33.00
6 Subscribers, 35.00
6 Subscribers, 38.00
6 Subscribers, 32.00
6 Subscribers, 38.00
6 Subscribers, 34.00
6 Subscribers, 42.00
6 Subscribers, 44.00
6 Subscribers, 31.00
6 Subscribers, 24.00
6 Subscribers, 32.00
6 Subscribers, 34.00
6 Subscribers, 38.00
6 Subscribers, 29.00
6 Subscribers, 25.00
6 Subscribers, 26.00
6 Subscribers, 35.00
6 Subscribers, 33.00
6 Subscribers, 32.00
6 Subscribers, 29.00
6 Subscribers, 32.00
6 Subscribers, 36.00
6 Subscribers, 25.00
6 Subscribers, 33.00
6 Subscribers, 25.00
6 Subscribers, 25.00
6 Subscribers, 34.00
6 Subscribers, 29.00
6 Subscribers, 32.00
6 Subscribers, 37.00
6 Subscribers, 28.00
6 Subscribers, 35.00
6 Subscribers, 34.00
6 Subscribers, 40.00
6 Subscribers, 47.00
6 Subscribers, 39.00
6 Subscribers, 35.00
6 Subscribers, 37.00
6 Subscribers, 33.00
6 Subscribers, 34.00
6 Subscribers, 34.00
6 Subscribers, 27.00
6 Subscribers, 33.00
6 Subscribers, 27.00
6 Subscribers, 41.00
6 Subscribers, 30.00
6 Subscribers, 36.00
6 Subscribers, 36.00
6 Subscribers, 25.00
6 Subscribers, 31.00
6 Subscribers, 31.00
6 Subscribers, 31.00
6 Subscribers, 40.00
6 Subscribers, 34.00
6 Subscribers, 41.00
6 Subscribers, 30.00
6 Subscribers, 38.00
6 Subscribers, 32.00
6 Subscribers, 28.00
6 Subscribers, 34.00
6 Subscribers, 25.00
6 Subscribers, 37.00
6 Subscribers, 30.00
6 Subscribers, 39.00
6 Subscribers, 33.00
6 Subscribers, 34.00
6 Subscribers, 37.00
6 Subscribers, 26.00
6 Subscribers, 35.00
6 Subscribers, 36.00
6 Subscribers, 34.00
6 Subscribers, 35.00
6 Subscribers, 38.00
6 Subscribers, 33.00
6 Subscribers, 34.00
6 Subscribers, 27.00
6 Subscribers, 28.00
6 Subscribers, 36.00
6 Subscribers, 39.00
6 Subscribers, 33.00
6 Subscribers, 41.00
6 Subscribers, 35.00
6 Subscribers, 34.00
6 Subscribers, 27.00
6 Subscribers, 25.00
6 Subscribers, 36.00
6 Subscribers, 31.00
6 Subscribers, 28.00
6 Subscribers, 29.00
6 Subscribers, 39.00
6 Subscribers, 34.00
6 Subscribers, 27.00
6 Subscribers, 34.00
6 Subscribers, 39.00
6 Subscribers, 29.00
6 Subscribers, 31.00
6 Subscribers, 35.00
6 Subscribers, 44.00
6 Subscribers, 31.00
6 Subscribers, 29.00
6 Subscribers, 28.00
6 Subscribers, 27.00
6 Subscribers, 37.00
6 Subscribers, 50.00
6 Subscribers, 34.00
6 Subscribers, 36.00
6 Subscribers, 30.00
6 Subscribers, 31.00
6 Subscribers, 37.00
6 Subscribers, 26.00
6 Subscribers, 29.00
6 Subscribers, 31.00
6 Subscribers, 30.00
6 Subscribers, 40.00
6 Subscribers, 37.00
6 Subscribers, 35.00
6 Subscribers, 28.00
6 Subscribers, 32.00
6 Subscribers, 31.00
6 Subscribers, 47.00
6 Subscribers, 36.00
6 Subscribers, 32.00
6 Subscribers, 35.00
6 Subscribers, 41.00
6 Subscribers, 25.00
6 Subscribers, 35.00
6 Subscribers, 24.00
6 Subscribers, 34.00
6 Subscribers, 35.00
6 Subscribers, 35.00
6 Subscribers, 40.00
6 Subscribers, 28.00
6 Subscribers, 45.00
6 Subscribers, 35.00
6 Subscribers, 36.00
6 Subscribers, 31.00
6 Subscribers, 33.00
6 Subscribers, 32.00
6 Subscribers, 36.00
6 Subscribers, 30.00
6 Subscribers, 27.00
6 Subscribers, 35.00
6 Subscribers, 34.00
6 Subscribers, 29.00
6 Subscribers, 30.00
6 Subscribers, 36.00
6 Subscribers, 26.00
6 Subscribers, 32.00
6 Subscribers, 28.00
6 Subscribers, 33.00
6 Subscribers, 25.00
6 Subscribers, 33.00
6 Subscribers, 40.00
6 Subscribers, 33.00
6 Subscribers, 33.00
6 Subscribers, 29.00
6 Subscribers, 36.00
6 Subscribers, 33.00
6 Subscribers, 36.00
6 Subscribers, 37.00
6 Subscribers, 34.00
6 Subscribers, 27.00
6 Subscribers, 36.00
6 Subscribers, 32.00
6 Subscribers, 31.00
6 Subscribers, 30.00
6 Subscribers, 35.00
6 Subscribers, 33.00
6 Subscribers, 37.00
6 Subscribers, 26.00
6 Subscribers, 33.00
6 Subscribers, 31.00
6 Subscribers, 41.00
6 Subscribers, 30.00
6 Subscribers, 31.00
6 Subscribers, 36.00
6 Subscribers, 51.00
6 Subscribers, 25.00
6 Subscribers, 36.00
6 Subscribers, 34.00
6 Subscribers, 47.00
6 Subscribers, 37.00
6 Subscribers, 25.00
6 Subscribers, 34.00
6 Subscribers, 37.00
6 Subscribers, 39.00
6 Subscribers, 37.00
6 Subscribers, 28.00
6 Subscribers, 38.00
6 Subscribers, 32.00
6 Subscribers, 28.00
6 Subscribers, 30.00
6 Subscribers, 29.00
6 Subscribers, 33.00
6 Subscribers, 32.00
6 Subscribers, 39.00
6 Subscribers, 33.00
6 Subscribers, 30.00
6 Subscribers, 34.00
6 Subscribers, 35.00
6 Subscribers, 31.00
6 Subscribers, 24.00
6 Subscribers, 27.00
6 Subscribers, 37.00
6 Subscribers, 30.00
6 Subscribers, 32.00
6 Subscribers, 41.00
6 Subscribers, 30.00
6 Subscribers, 38.00
6 Subscribers, 28.00
6 Subscribers, 29.00
6 Subscribers, 35.00
6 Subscribers, 48.00
6 Subscribers, 37.00
6 Subscribers, 38.00
6 Subscribers, 39.00
6 Subscribers, 38.00
6 Subscribers, 32.00
6 Subscribers, 34.00
6 Subscribers, 32.00
6 Subscribers, 39.00
6 Subscribers, 26.00
6 Subscribers, 35.00
6 Subscribers, 41.00
6 Subscribers, 43.00
6 Subscribers, 37.00
6 Subscribers, 34.00
6 Subscribers, 29.00
6 Subscribers, 28.00
6 Subscribers, 32.00
6 Subscribers, 30.00
6 Subscribers, 36.00
6 Subscribers, 31.00
6 Subscribers, 29.00
6 Subscribers, 48.00
6 Subscribers, 35.00
6 Subscribers, 37.00
6 Subscribers, 37.00
6 Subscribers, 33.00
6 Subscribers, 35.00
6 Subscribers, 29.00
6 Subscribers, 28.00
6 Subscribers, 30.00
6 Subscribers, 34.00
6 Subscribers, 36.00
6 Subscribers, 33.00
6 Subscribers, 29.00
6 Subscribers, 36.00
6 Subscribers, 35.00
6 Subscribers, 24.00
6 Subscribers, 35.00
6 Subscribers, 34.00
6 Subscribers, 27.00
6 Subscribers, 34.00
6 Subscribers, 38.00
6 Subscribers, 40.00
6 Subscribers, 27.00
6 Subscribers, 38.00
6 Subscribers, 29.00
6 Subscribers, 33.00
6 Subscribers, 29.00
6 Subscribers, 28.00
6 Subscribers, 28.00
6 Subscribers, 25.00
6 Subscribers, 32.00
6 Subscribers, 28.00
6 Subscribers, 36.00
6 Subscribers, 36.00
6 Subscribers, 27.00
6 Subscribers, 29.00
6 Subscribers, 28.00
6 Subscribers, 47.00
6 Subscribers, 36.00
6 Subscribers, 25.00
6 Subscribers, 38.00
6 Subscribers, 32.00
6 Subscribers, 33.00
6 Subscribers, 25.00
6 Subscribers, 36.00
6 Subscribers, 26.00
6 Subscribers, 38.00
6 Subscribers, 52.00
6 Subscribers, 26.00
6 Subscribers, 31.00
6 Subscribers, 29.00
6 Subscribers, 34.00
6 Subscribers, 28.00
6 Subscribers, 28.00
6 Subscribers, 33.00
6 Subscribers, 31.00
6 Subscribers, 47.00
6 Subscribers, 25.00
6 Subscribers, 29.00
6 Subscribers, 31.00
6 Subscribers, 25.00
6 Subscribers, 25.00
6 Subscribers, 38.00
6 Subscribers, 31.00
6 Subscribers, 32.00
6 Subscribers, 30.00
6 Subscribers, 30.00
6 Subscribers, 30.00
6 Subscribers, 29.00
6 Subscribers, 28.00
6 Subscribers, 28.00
6 Subscribers, 28.00
6 Subscribers, 36.00
6 Subscribers, 29.00
6 Subscribers, 28.00
6 Subscribers, 40.00
6 Subscribers, 32.00
6 Subscribers, 30.00
6 Subscribers, 43.00
6 Subscribers, 30.00
6 Subscribers, 30.00
6 Subscribers, 25.00
6 Subscribers, 39.00
6 Subscribers, 33.00
6 Subscribers, 32.00
6 Subscribers, 30.00
6 Subscribers, 37.00
6 Subscribers, 27.00
6 Subscribers, 36.00
6 Subscribers, 27.00
6 Subscribers, 35.00
6 Subscribers, 29.00
6 Subscribers, 34.00
6 Subscribers, 46.00
6 Subscribers, 30.00
6 Subscribers, 36.00
6 Subscribers, 39.00
6 Subscribers, 34.00
6 Subscribers, 30.00
6 Subscribers, 39.00
6 Subscribers, 29.00
6 Subscribers, 40.00
6 Subscribers, 32.00
6 Subscribers, 30.00
6 Subscribers, 33.00
6 Subscribers, 30.00
