Subscribers, Delay
2 Subscribers, 30.00
2 Subscribers, 24.00
2 Subscribers, 33.00
2 Subscribers, 31.00
2 Subscribers, 26.00
2 Subscribers, 34.00
2 Subscribers, 25.00
2 Subscribers, 28.00
2 Subscribers, 27.00
2 Subscribers, 36.00
2 Subscribers, 47.00
2 Subscribers, 26.00
2 Subscribers, 40.00
2 Subscribers, 29.00
2 Subscribers, 26.00
2 Subscribers, 32.00
2 Subscribers, 27.00
2 Subscribers, 29.00
2 Subscribers, 35.00
2 Subscribers, 32.00
2 Subscribers, 32.00
2 Subscribers, 42.00
2 Subscribers, 32.00
2 Subscribers, 28.00
2 Subscribers, 34.00
2 Subscribers, 32.00
2 Subscribers, 28.00
2 Subscribers, 31.00
2 Subscribers, 36.00
2 Subscribers, 25.00
2 Subscribers, 26.00
2 Subscribers, 31.00
2 Subscribers, 30.00
2 Subscribers, 43.00
2 Subscribers, 48.00
2 Subscribers, 31.00
2 Subscribers, 34.00
2 Subscribers, 43.00
2 Subscribers, 35.00
2 Subscribers, 32.00
2 Subscribers, 30.00
2 Subscribers, 31.00
2 Subscribers, 34.00
2 Subscribers, 41.00
2 Subscribers, 35.00
2 Subscribers, 32.00
2 Subscribers, 31.00
2 Subscribers, 35.00
2 Subscribers, 33.00
2 Subscribers, 34.00
2 Subscribers, 33.00
2 Subscribers, 29.00
2 Subscribers, 37.00
2 Subscribers, 32.00
2 Subscribers, 36.00
2 Subscribers, 29.00
2 Subscribers, 29.00
2 Subscribers, 35.00
2 Subscribers, 35.00
2 Subscribers, 27.00
2 Subscribers, 31.00
2 Subscribers, 33.00
2 Subscribers, 36.00
2 Subscribers, 38.00
2 Subscribers, 40.00
2 Subscribers, 30.00
2 Subscribers, 30.00
2 Subscribers, 44.00
2 Subscribers, 32.00
2 Subscribers, 34.00
2 Subscribers, 28.00
2 Subscribers, 35.00
2 Subscribers, 37.00
2 Subscribers, 35.00
2 Subscribers, 37.00
2 Subscribers, 28.00
2 Subscribers, 36.00
2 Subscribers, 34.00
2 Subscribers, 37.00
2 Subscribers, 32.00
2 Subscribers, 30.00
2 Subscribers, 31.00
2 Subscribers, 32.00
2 Subscribers, 42.00
2 Subscribers, 29.00
2 Subscribers, 31.00
2 Subscribers, 30.00
2 Subscribers, 38.00
2 Subscribers, 34.00
2 Subscribers, 33.00
2 Subscribers, 24.00
2 Subscribers, 39.00
2 Subscribers, 45.00
2 Subscribers, 34.00
2 Subscribers, 32.00
2 Subscribers, 37.00
2 Subscribers, 27.00
2 Subscribers, 28.00
2 Subscribers, 38.00
2 Subscribers, 32.00
2 Subscribers, 30.00
2 Subscribers, 39.00
2 Subscribers, 32.00
2 Subscribers, 40.00
2 Subscribers, 32.00
2 Subscribers, 42.00
2 Subscribers, 26.00
2 Subscribers, 41.00
2 Subscribers, 29.00
2 Subscribers, 35.00
2 Subscribers, 31.00
2 Subscribers, 30.00
2 Subscribers, 37.00
2 Subscribers, 33.00
2 Subscribers, 29.00
2 Subscribers, 31.00
2 Subscribers, 42.00
2 Subscribers, 37.00
2 Subscribers, 32.00
2 Subscribers, 33.00
2 Subscribers, 30.00
2 Subscribers, 35.00
2 Subscribers, 34.00
2 Subscribers, 37.00
2 Subscribers, 41.00
2 Subscribers, 31.00
2 Subscribers, 29.00
2 Subscribers, 38.00
2 Subscribers, 33.00
2 Subscribers, 36.00
2 Subscribers, 34.00
2 Subscribers, 38.00
2 Subscribers, 32.00
2 Subscribers, 44.00
2 Subscribers, 36.00
2 Subscribers, 41.00
2 Subscribers, 30.00
2 Subscribers, 41.00
2 Subscribers, 28.00
2 Subscribers, 33.00
2 Subscribers, 34.00
2 Subscribers, 28.00
2 Subscribers, 32.00
2 Subscribers, 43.00
2 Subscribers, 30.00
2 Subscribers, 30.00
2 Subscribers, 28.00
2 Subscribers, 33.00
2 Subscribers, 29.00
2 Subscribers, 34.00
2 Subscribers, 46.00
2 Subscribers, 31.00
2 Subscribers, 38.00
2 Subscribers, 34.00
2 Subscribers, 36.00
2 Subscribers, 27.00
2 Subscribers, 41.00
2 Subscribers, 34.00
2 Subscribers, 36.00
2 Subscribers, 34.00
2 Subscribers, 34.00
2 Subscribers, 27.00
2 Subscribers, 32.00
2 Subscribers, 30.00
2 Subscribers, 30.00
2 Subscribers, 34.00
2 Subscribers, 29.00
2 Subscribers, 30.00
2 Subscribers, 44.00
2 Subscribers, 30.00
2 Subscribers, 32.00
2 Subscribers, 33.00
2 Subscribers, 49.00
2 Subscribers, 30.00
2 Subscribers, 44.00
2 Subscribers, 36.00
2 Subscribers, 33.00
2 Subscribers, 46.00
2 Subscribers, 36.00
2 Subscribers, 28.00
2 Subscribers, 29.00
2 Subscribers, 30.00
2 Subscribers, 31.00
2 Subscribers, 40.00
2 Subscribers, 29.00
2 Subscribers, 30.00
2 Subscribers, 29.00
2 Subscribers, 30.00
2 Subscribers, 41.00
2 Subscribers, 44.00
2 Subscribers, 28.00
2 Subscribers, 30.00
2 Subscribers, 31.00
2 Subscribers, 31.00
2 Subscribers, 35.00
2 Subscribers, 37.00
2 Subscribers, 32.00
2 Subscribers, 33.00
2 Subscribers, 31.00
2 Subscribers, 27.00
2 Subscribers, 34.00
2 Subscribers, 35.00
2 Subscribers, 36.00
2 Subscribers, 28.00
2 Subscribers, 36.00
2 Subscribers, 37.00
2 Subscribers, 32.00
2 Subscribers, 29.00
2 Subscribers, 42.00
2 Subscribers, 35.00
2 Subscribers, 47.00
2 Subscribers, 37.00
2 Subscribers, 32.00
2 Subscribers, 30.00
2 Subscribers, 43.00
2 Subscribers, 48.00
2 Subscribers, 28.00
2 Subscribers, 31.00
2 Subscribers, 34.00
2 Subscribers, 31.00
2 Subscribers, 36.00
2 Subscribers, 36.00
2 Subscribers, 33.00
2 Subscribers, 29.00
2 Subscribers, 38.00
2 Subscribers, 31.00
2 Subscribers, 39.00
2 Subscribers, 29.00
2 Subscribers, 40.00
2 Subscribers, 39.00
2 Subscribers, 41.00
2 Subscribers, 29.00
2 Subscribers, 26.00
2 Subscribers, 41.00
2 Subscribers, 31.00
2 Subscribers, 33.00
2 Subscribers, 38.00
2 Subscribers, 29.00
2 Subscribers, 28.00
2 Subscribers, 29.00
2 Subscribers, 29.00
2 Subscribers, 34.00
2 Subscribers, 29.00
2 Subscribers, 36.00
2 Subscribers, 35.00
2 Subscribers, 33.00
2 Subscribers, 30.00
2 Subscribers, 39.00
2 Subscribers, 42.00
2 Subscribers, 28.00
2 Subscribers, 46.00
2 Subscribers, 34.00
2 Subscribers, 43.00
2 Subscribers, 28.00
2 Subscribers, 33.00
2 Subscribers, 32.00
2 Subscribers, 31.00
2 Subscribers, 32.00
2 Subscribers, 34.00
2 Subscribers, 37.00
2 Subscribers, 38.00
2 Subscribers, 37.00
2 Subscribers, 36.00
2 Subscribers, 31.00
2 Subscribers, 32.00
2 Subscribers, 30.00
2 Subscribers, 41.00
2 Subscribers, 35.00
2 Subscribers, 32.00
2 Subscribers, 34.00
2 Subscribers, 29.00
2 Subscribers, 34.00
2 Subscribers, 33.00
2 Subscribers, 32.00
2 Subscribers, 35.00
2 Subscribers, 32.00
2 Subscribers, 33.00
2 Subscribers, 40.00
2 Subscribers, 32.00
2 Subscribers, 34.00
2 Subscribers, 26.00
2 Subscribers, 41.00
2 Subscribers, 34.00
2 Subscribers, 27.00
2 Subscribers, 41.00
2 Subscribers, 33.00
2 Subscribers, 27.00
2 Subscribers, 33.00
2 Subscribers, 35.00
2 Subscribers, 32.00
2 Subscribers, 39.00
2 Subscribers, 30.00
2 Subscribers, 31.00
2 Subscribers, 33.00
2 Subscribers, 35.00
2 Subscribers, 30.00
2 Subscribers, 47.00
2 Subscribers, 32.00
2 Subscribers, 32.00
2 Subscribers, 37.00
2 Subscribers, 26.00
2 Subscribers, 24.00
2 Subscribers, 30.00
2 Subscribers, 25.00
2 Subscribers, 36.00
2 Subscribers, 26.00
2 Subscribers, 34.00
2 Subscribers, 38.00
2 Subscribers, 36.00
2 Subscribers, 30.00
2 Subscribers, 42.00
2 Subscribers, 35.00
2 Subscribers, 29.00
2 Subscribers, 35.00
2 Subscribers, 25.00
2 Subscribers, 37.00
2 Subscribers, 47.00
2 Subscribers, 24.00
2 Subscribers, 34.00
2 Subscribers, 31.00
2 Subscribers, 33.00
2 Subscribers, 27.00
2 Subscribers, 37.00
2 Subscribers, 31.00
2 Subscribers, 36.00
2 Subscribers, 35.00
2 Subscribers, 37.00
2 Subscribers, 32.00
2 Subscribers, 34.00
2 Subscribers, 37.00
2 Subscribers, 30.00
2 Subscribers, 26.00
2 Subscribers, 33.00
2 Subscribers, 32.00
2 Subscribers, 32.00
2 Subscribers, 47.00
2 Subscribers, 31.00
2 Subscribers, 33.00
2 Subscribers, 39.00
2 Subscribers, 41.00
2 Subscribers, 35.00
2 Subscribers, 35.00
2 Subscribers, 44.00
2 Subscribers, 30.00
2 Subscribers, 35.00
2 Subscribers, 35.00
2 Subscribers, 27.00
2 Subscribers, 39.00
2 Subscribers, 32.00
2 Subscribers, 32.00
2 Subscribers, 33.00
2 Subscribers, 23.00
2 Subscribers, 43.00
2 Subscribers, 27.00
2 Subscribers, 35.00
2 Subscribers, 36.00
2 Subscribers, 36.00
2 Subscribers, 28.00
2 Subscribers, 35.00
2 Subscribers, 26.00
2 Subscribers, 31.00
2 Subscribers, 28.00
2 Subscribers, 33.00
2 Subscribers, 26.00
2 Subscribers, 42.00
2 Subscribers, 37.00
2 Subscribers, 36.00
2 Subscribers, 32.00
2 Subscribers, 33.00
2 Subscribers, 32.00
2 Subscribers, 27.00
2 Subscribers, 29.00
2 Subscribers, 35.00
2 Subscribers, 41.00
2 Subscribers, 39.00
2 Subscribers, 36.00
2 Subscribers, 36.00
2 Subscribers, 32.00
2 Subscribers, 29.00
2 Subscribers, 27.00
2 Subscribers, 35.00
2 Subscribers, 35.00
2 Subscribers, 32.00
2 Subscribers, 30.00
2 Subscribers, 36.00
2 Subscribers, 25.00
2 Subscribers, 36.00
2 Subscribers, 26.00
2 Subscribers, 44.00
2 Subscribers, 29.00
2 Subscribers, 33.00
2 Subscribers, 29.00
2 Subscribers, 43.00
2 Subscribers, 29.00
2 Subscribers, 40.00
2 Subscribers, 28.00
2 Subscribers, 31.00
2 Subscribers, 31.00
2 Subscribers, 29.00
2 Subscribers, 33.00
2 Subscribers, 34.00
2 Subscribers, 31.00
2 Subscribers, 30.00
2 Subscribers, 34.00
2 Subscribers, 29.00
2 Subscribers, 33.00
2 Subscribers, 31.00
2 Subscribers, 38.00
2 Subscribers, 37.00
2 Subscribers, 29.00
2 Subscribers, 36.00
2 Subscribers, 35.00
2 Subscribers, 32.00
2 Subscribers, 35.00
2 Subscribers, 29.00
2 Subscribers, 40.00
2 Subscribers, 35.00
2 Subscribers, 30.00
2 Subscribers, 25.00
2 Subscribers, 26.00
2 Subscribers, 35.00
2 Subscribers, 37.00
2 Subscribers, 30.00
2 Subscribers, 29.00
2 Subscribers, 36.00
2 Subscribers, 34.00
2 Subscribers, 34.00
2 Subscribers, 34.00
2 Subscribers, 32.00
2 Subscribers, 37.00
2 Subscribers, 33.00
2 Subscribers, 33.00
2 Subscribers, 41.00
2 Subscribers, 26.00
2 Subscribers, 34.00
2 Subscribers, 41.00
2 Subscribers, 24.00
2 Subscribers, 30.00
2 Subscribers, 34.00
2 Subscribers, 27.00
2 Subscribers, 38.00
2 Subscribers, 30.00
2 Subscribers, 36.00
2 Subscribers, 43.00
2 Subscribers, 29.00
2 Subscribers, 25.00
2 Subscribers, 41.00
2 Subscribers, 31.00
2 Subscribers, 34.00
2 Subscribers, 38.00
2 Subscribers, 36.00
2 Subscribers, 40.00
2 Subscribers, 33.00
2 Subscribers, 31.00
2 Subscribers, 38.00
2 Subscribers, 37.00
2 Subscribers, 33.00
2 Subscribers, 43.00
2 Subscribers, 35.00
2 Subscribers, 30.00
2 Subscribers, 38.00
2 Subscribers, 36.00
2 Subscribers, 32.00
2 Subscribers, 36.00
2 Subscribers, 31.00
2 Subscribers, 27.00
2 Subscribers, 29.00
2 Subscribers, 40.00
2 Subscribers, 30.00
2 Subscribers, 42.00
2 Subscribers, 38.00
2 Subscribers, 28.00
2 Subscribers, 28.00
2 Subscribers, 39.00
2 Subscribers, 43.00
2 Subscribers, 48.00
2 Subscribers, 38.00
2 Subscribers, 35.00
2 Subscribers, 33.00
2 Subscribers, 31.00
2 Subscribers, 34.00
2 Subscribers, 35.00
2 Subscribers, 30.00
2 Subscribers, 36.00
2 Subscribers, 38.00
2 Subscribers, 36.00
2 Subscribers, 31.00
2 Subscribers, 27.00
2 Subscribers, 37.00
2 Subscribers, 32.00
2 Subscribers, 30.00
2 Subscribers, 37.00
2 Subscribers, 25.00
2 Subscribers, 33.00
2 Subscribers, 32.00
2 Subscribers, 32.00
2 Subscribers, 30.00
2 Subscribers, 33.00
2 Subscribers, 32.00
2 Subscribers, 35.00
4 Subscribers, 39.00
4 Subscribers, 34.00
4 Subscribers, 31.00
4 Subscribers, 33.00
4 Subscribers, 34.00
4 Subscribers, 40.00
4 Subscribers, 31.00
4 Subscribers, 40.00
4 Subscribers, 31.00
4 Subscribers, 32.00
4 Subscribers, 37.00
4 Subscribers, 32.00
4 Subscribers, 29.00
4 Subscribers, 36.00
4 Subscribers, 33.00
4 Subscribers, 49.00
4 Subscribers, 35.00
4 Subscribers, 45.00
4 Subscribers, 34.00
4 Subscribers, 29.00
4 Subscribers, 27.00
4 Subscribers, 37.00
4 Subscribers, 35.00
4 Subscribers, 39.00
4 Subscribers, 29.00
4 Subscribers, 33.00
4 Subscribers, 43.00
4 Subscribers, 31.00
4 Subscribers, 30.00
4 Subscribers, 36.00
4 Subscribers, 34.00
4 Subscribers, 35.00
4 Subscribers, 41.00
4 Subscribers, 41.00
4 Subscribers, 34.00
4 Subscribers, 32.00
4 Subscribers, 35.00
4 Subscribers, 29.00
4 Subscribers, 33.00
4 Subscribers, 25.00
4 Subscribers, 34.00
4 Subscribers, 25.00
4 Subscribers, 33.00
4 Subscribers, 37.00
4 Subscribers, 37.00
4 Subscribers, 30.00
4 Subscribers, 25.00
4 Subscribers, 32.00
4 Subscribers, 34.00
4 Subscribers, 24.00
4 Subscribers, 29.00
4 Subscribers, 38.00
4 Subscribers, 28.00
4 Subscribers, 27.00
4 Subscribers, 39.00
4 Subscribers, 42.00
4 Subscribers, 41.00
4 Subscribers, 34.00
4 Subscribers, 34.00
4 Subscribers, 31.00
4 Subscribers, 30.00
4 Subscribers, 33.00
4 Subscribers, 28.00
4 Subscribers, 32.00
4 Subscribers, 49.00
4 Subscribers, 28.00
4 Subscribers, 37.00
4 Subscribers, 41.00
4 Subscribers, 31.00
4 Subscribers, 38.00
4 Subscribers, 30.00
4 Subscribers, 25.00
4 Subscribers, 31.00
4 Subscribers, 37.00
4 Subscribers, 31.00
4 Subscribers, 37.00
4 Subscribers, 35.00
4 Subscribers, 35.00
4 Subscribers, 31.00
4 Subscribers, 26.00
4 Subscribers, 30.00
4 Subscribers, 38.00
4 Subscribers, 32.00
4 Subscribers, 36.00
4 Subscribers, 28.00
4 Subscribers, 28.00
4 Subscribers, 37.00
4 Subscribers, 39.00
4 Subscribers, 36.00
4 Subscribers, 34.00
4 Subscribers, 37.00
4 Subscribers, 38.00
4 Subscribers, 35.00
4 Subscribers, 27.00
4 Subscribers, 35.00
4 Subscribers, 34.00
4 Subscribers, 25.00
4 Subscribers, 45.00
4 Subscribers, 33.00
4 Subscribers, 33.00
4 Subscribers, 35.00
4 Subscribers, 31.00
4 Subscribers, 36.00
4 Subscribers, 28.00
4 Subscribers, 26.00
4 Subscribers, 34.00
4 Subscribers, 31.00
4 Subscribers, 30.00
4 Subscribers, 30.00
4 Subscribers, 50.00
4 Subscribers, 37.00
4 Subscribers, 28.00
4 Subscribers, 25.00
4 Subscribers, 36.00
4 Subscribers, 36.00
4 Subscribers, 28.00
4 Subscribers, 29.00
4 Subscribers, 36.00
4 Subscribers, 28.00
4 Subscribers, 36.00
4 Subscribers, 35.00
4 Subscribers, 28.00
4 Subscribers, 36.00
4 Subscribers, 32.00
4 Subscribers, 39.00
4 Subscribers, 31.00
4 Subscribers, 42.00
4 Subscribers, 37.00
4 Subscribers, 46.00
4 Subscribers, 39.00
4 Subscribers, 42.00
4 Subscribers, 30.00
4 Subscribers, 34.00
4 Subscribers, 35.00
4 Subscribers, 40.00
4 Subscribers, 35.00
4 Subscribers, 30.00
4 Subscribers, 36.00
4 Subscribers, 29.00
4 Subscribers, 34.00
4 Subscribers, 38.00
4 Subscribers, 38.00
4 Subscribers, 38.00
4 Subscribers, 31.00
4 Subscribers, 29.00
4 Subscribers, 32.00
4 Subscribers, 37.00
4 Subscribers, 36.00
4 Subscribers, 34.00
4 Subscribers, 35.00
4 Subscribers, 40.00
4 Subscribers, 26.00
4 Subscribers, 36.00
4 Subscribers, 32.00
4 Subscribers, 32.00
4 Subscribers, 42.00
4 Subscribers, 27.00
4 Subscribers, 41.00
4 Subscribers, 27.00
4 Subscribers, 23.00
4 Subscribers, 36.00
4 Subscribers, 34.00
4 Subscribers, 35.00
4 Subscribers, 32.00
4 Subscribers, 27.00
4 Subscribers, 38.00
4 Subscribers, 39.00
4 Subscribers, 33.00
4 Subscribers, 29.00
4 Subscribers, 26.00
4 Subscribers, 33.00
4 Subscribers, 36.00
4 Subscribers, 31.00
4 Subscribers, 44.00
4 Subscribers, 39.00
4 Subscribers, 36.00
4 Subscribers, 26.00
4 Subscribers, 33.00
4 Subscribers, 37.00
4 Subscribers, 25.00
4 Subscribers, 35.00
4 Subscribers, 42.00
4 Subscribers, 29.00
4 Subscribers, 36.00
4 Subscribers, 39.00
4 Subscribers, 35.00
4 Subscribers, 33.00
4 Subscribers, 31.00
4 Subscribers, 25.00
4 Subscribers, 33.00
4 Subscribers, 39.00
4 Subscribers, 35.00
4 Subscribers, 36.00
4 Subscribers, 36.00
4 Subscribers, 34.00
4 Subscribers, 35.00
4 Subscribers, 26.00
4 Subscribers, 32.00
4 Subscribers, 47.00
4 Subscribers, 40.00
4 Subscribers, 35.00
4 Subscribers, 35.00
4 Subscribers, 31.00
4 Subscribers, 31.00
4 Subscribers, 34.00
4 Subscribers, 36.00
4 Subscribers, 44.00
4 Subscribers, 32.00
4 Subscribers, 34.00
4 Subscribers, 38.00
4 Subscribers, 39.00
4 Subscribers, 33.00
4 Subscribers, 32.00
4 Subscribers, 33.00
4 Subscribers, 29.00
4 Subscribers, 28.00
4 Subscribers, 36.00
4 Subscribers, 39.00
4 Subscribers, 33.00
4 Subscribers, 32.00
4 Subscribers, 35.00
4 Subscribers, 39.00
4 Subscribers, 37.00
4 Subscribers, 36.00
4 Subscribers, 35.00
4 Subscribers, 34.00
4 Subscribers, 31.00
4 Subscribers, 24.00
4 Subscribers, 33.00
4 Subscribers, 43.00
4 Subscribers, 39.00
4 Subscribers, 42.00
4 Subscribers, 32.00
4 Subscribers, 39.00
4 Subscribers, 29.00
4 Subscribers, 27.00
4 Subscribers, 32.00
4 Subscribers, 33.00
4 Subscribers, 37.00
4 Subscribers, 30.00
4 Subscribers, 37.00
4 Subscribers, 35.00
4 Subscribers, 36.00
4 Subscribers, 40.00
4 Subscribers, 24.00
4 Subscribers, 32.00
4 Subscribers, 33.00
4 Subscribers, 28.00
4 Subscribers, 25.00
4 Subscribers, 29.00
4 Subscribers, 28.00
4 Subscribers, 31.00
4 Subscribers, 34.00
4 Subscribers, 40.00
4 Subscribers, 36.00
4 Subscribers, 28.00
4 Subscribers, 28.00
4 Subscribers, 35.00
4 Subscribers, 38.00
4 Subscribers, 27.00
4 Subscribers, 44.00
4 Subscribers, 33.00
4 Subscribers, 34.00
4 Subscribers, 32.00
4 Subscribers, 24.00
4 Subscribers, 38.00
4 Subscribers, 38.00
4 Subscribers, 33.00
4 Subscribers, 31.00
4 Subscribers, 49.00
4 Subscribers, 31.00
4 Subscribers, 28.00
4 Subscribers, 33.00
4 Subscribers, 31.00
4 Subscribers, 38.00
4 Subscribers, 44.00
4 Subscribers, 34.00
4 Subscribers, 42.00
4 Subscribers, 31.00
4 Subscribers, 40.00
4 Subscribers, 34.00
4 Subscribers, 42.00
4 Subscribers, 40.00
4 Subscribers, 28.00
4 Subscribers, 37.00
4 Subscribers, 28.00
4 Subscribers, 34.00
4 Subscribers, 34.00
4 Subscribers, 37.00
4 Subscribers, 36.00
4 Subscribers, 30.00
4 Subscribers, 33.00
4 Subscribers, 33.00
4 Subscribers, 42.00
4 Subscribers, 30.00
4 Subscribers, 29.00
4 Subscribers, 31.00
4 Subscribers, 40.00
4 Subscribers, 27.00
4 Subscribers, 41.00
4 Subscribers, 31.00
4 Subscribers, 27.00
4 Subscribers, 32.00
4 Subscribers, 30.00
4 Subscribers, 39.00
4 Subscribers, 30.00
4 Subscribers, 27.00
4 Subscribers, 28.00
4 Subscribers, 24.00
4 Subscribers, 34.00
4 Subscribers, 26.00
4 Subscribers, 36.00
4 Subscribers, 34.00
4 Subscribers, 24.00
4 Subscribers, 31.00
4 Subscribers, 25.00
4 Subscribers, 33.00
4 Subscribers, 42.00
4 Subscribers, 32.00
4 Subscribers, 39.00
4 Subscribers, 41.00
4 Subscribers, 33.00
4 Subscribers, 35.00
4 Subscribers, 33.00
4 Subscribers, 36.00
4 Subscribers, 31.00
4 Subscribers, 33.00
4 Subscribers, 31.00
4 Subscribers, 32.00
4 Subscribers, 33.00
4 Subscribers, 34.00
4 Subscribers, 48.00
4 Subscribers, 24.00
4 Subscribers, 37.00
4 Subscribers, 36.00
4 Subscribers, 36.00
4 Subscribers, 30.00
4 Subscribers, 25.00
4 Subscribers, 35.00
4 Subscribers, 35.00
4 Subscribers, 29.00
4 Subscribers, 31.00
4 Subscribers, 32.00
4 Subscribers, 31.00
4 Subscribers, 28.00
4 Subscribers, 45.00
4 Subscribers, 31.00
4 Subscribers, 26.00
4 Subscribers, 26.00
4 Subscribers, 39.00
4 Subscribers, 28.00
4 Subscribers, 34.00
4 Subscribers, 39.00
4 Subscribers, 31.00
4 Subscribers, 42.00
4 Subscribers, 34.00
4 Subscribers, 29.00
4 Subscribers, 41.00
4 Subscribers, 34.00
4 Subscribers, 31.00
4 Subscribers, 36.00
4 Subscribers, 32.00
4 Subscribers, 35.00
4 Subscribers, 31.00
4 Subscribers, 34.00
4 Subscribers, 27.00
4 Subscribers, 36.00
4 Subscribers, 34.00
4 Subscribers, 33.00
4 Subscribers, 25.00
4 Subscribers, 28.00
4 Subscribers, 36.00
4 Subscribers, 44.00
4 Subscribers, 25.00
4 Subscribers, 32.00
4 Subscribers, 29.00
4 Subscribers, 37.00
4 Subscribers, 36.00
4 Subscribers, 35.00
4 Subscribers, 29.00
4 Subscribers, 44.00
4 Subscribers, 31.00
4 Subscribers, 25.00
4 Subscribers, 33.00
4 Subscribers, 34.00
4 Subscribers, 40.00
4 Subscribers, 34.00
4 Subscribers, 57.00
4 Subscribers, 28.00
4 Subscribers, 37.00
4 Subscribers, 35.00
4 Subscribers, 34.00
4 Subscribers, 38.00
4 Subscribers, 30.00
4 Subscribers, 36.00
4 Subscribers, 39.00
4 Subscribers, 35.00
4 Subscribers, 31.00
4 Subscribers, 27.00
4 Subscribers, 41.00
4 Subscribers, 33.00
4 Subscribers, 28.00
4 Subscribers, 36.00
4 Subscribers, 36.00
4 Subscribers, 26.00
4 Subscribers, 35.00
4 Subscribers, 25.00
4 Subscribers, 25.00
4 Subscribers, 37.00
4 Subscribers, 41.00
4 Subscribers, 37.00
4 Subscribers, 27.00
4 Subscribers, 33.00
4 Subscribers, 33.00
4 Subscribers, 31.00
4 Subscribers, 37.00
4 Subscribers, 41.00
4 Subscribers, 40.00
4 Subscribers, 38.00
4 Subscribers, 32.00
4 Subscribers, 34.00
4 Subscribers, 39.00
4 Subscribers, 30.00
4 Subscribers, 33.00
4 Subscribers, 38.00
4 Subscribers, 39.00
4 Subscribers, 39.00
4 Subscribers, 48.00
4 Subscribers, 41.00
4 Subscribers, 33.00
4 Subscribers, 26.00
4 Subscribers, 40.00
4 Subscribers, 42.00
4 Subscribers, 47.00
4 Subscribers, 42.00
4 Subscribers, 42.00
4 Subscribers, 36.00
4 Subscribers, 33.00
4 Subscribers, 31.00
4 Subscribers, 36.00
4 Subscribers, 28.00
4 Subscribers, 36.00
4 Subscribers, 34.00
4 Subscribers, 30.00
4 Subscribers, 31.00
4 Subscribers, 29.00
4 Subscribers, 33.00
4 Subscribers, 29.00
4 Subscribers, 38.00
4 Subscribers, 40.00
4 Subscribers, 32.00
4 Subscribers, 33.00
4 Subscribers, 45.00
4 Subscribers, 35.00
4 Subscribers, 38.00
4 Subscribers, 40.00
4 Subscribers, 36.00
4 Subscribers, 33.00
4 Subscribers, 35.00
4 Subscribers, 44.00
4 Subscribers, 39.00
4 Subscribers, 33.00
4 Subscribers, 37.00
4 Subscribers, 37.00
4 Subscribers, 29.00
4 Subscribers, 36.00
4 Subscribers, 27.00
4 Subscribers, 34.00
4 Subscribers, 30.00
4 Subscribers, 31.00
4 Subscribers, 41.00
4 Subscribers, 34.00
4 Subscribers, 31.00
4 Subscribers, 39.00
4 Subscribers, 39.00
4 Subscribers, 26.00
4 Subscribers, 44.00
4 Subscribers, 34.00
4 Subscribers, 39.00
4 Subscribers, 42.00
4 Subscribers, 32.00
4 Subscribers, 40.00
4 Subscribers, 30.00
4 Subscribers, 36.00
4 Subscribers, 35.00
4 Subscribers, 34.00
4 Subscribers, 36.00
4 Subscribers, 32.00
4 Subscribers, 28.00
4 Subscribers, 31.00
4 Subscribers, 26.00
4 Subscribers, 40.00
4 Subscribers, 31.00
4 Subscribers, 31.00
4 Subscribers, 30.00
4 Subscribers, 36.00
4 Subscribers, 34.00
4 Subscribers, 30.00
4 Subscribers, 32.00
4 Subscribers, 27.00
6 Subscribers, 35.00
6 Subscribers, 30.00
6 Subscribers, 29.00
6 Subscribers, 31.00
6 Subscribers, 33.00
6 Subscribers, 39.00
6 Subscribers, 33.00
6 Subscribers, 34.00
6 Subscribers, 28.00
6 Subscribers, 30.00
6 Subscribers, 29.00
6 Subscribers, 27.00
6 Subscribers, 34.00
6 Subscribers, 40.00
6 Subscribers, 34.00
6 Subscribers, 26.00
6 Subscribers, 36.00
6 Subscribers, 46.00
6 Subscribers, 30.00
6 Subscribers, 31.00
6 Subscribers, 29.00
6 Subscribers, 35.00
6 Subscribers, 36.00
6 Subscribers, 28.00
6 Subscribers, 33.00
6 Subscribers, 34.00
6 Subscribers, 28.00
6 Subscribers, 39.00
6 Subscribers, 42.00
6 Subscribers, 25.00
6 Subscribers, 38.00
6 Subscribers, 28.00
6 Subscribers, 30.00
6 Subscribers, 39.00
6 Subscribers, 29.00
6 Subscribers, 40.00
6 Subscribers, 44.00
6 Subscribers, 33.00
6 Subscribers, 29.00
6 Subscribers, 35.00
6 Subscribers, 32.00
6 Subscribers, 30.00
6 Subscribers, 45.00
6 Subscribers, 41.00
6 Subscribers, 51.00
6 Subscribers, 46.00
6 Subscribers, 39.00
6 Subscribers, 30.00
6 Subscribers, 30.00
6 Subscribers, 31.00
6 Subscribers, 28.00
6 Subscribers, 35.00
6 Subscribers, 31.00
6 Subscribers, 30.00
6 Subscribers, 24.00
6 Subscribers, 27.00
6 Subscribers, 39.00
6 Subscribers, 40.00
6 Subscribers, 24.00
6 Subscribers, 38.00
6 Subscribers, 37.00
6 Subscribers, 40.00
6 Subscribers, 27.00
6 Subscribers, 33.00
6 Subscribers, 32.00
6 Subscribers, 38.00
6 Subscribers, 45.00
6 Subscribers, 26.00
6 Subscribers, 33.00
6 Subscribers, 26.00
6 Subscribers, 36.00
6 Subscribers, 35.00
6 Subscribers, 32.00
6 Subscribers, 36.00
6 Subscribers, 37.00
6 Subscribers, 30.00
6 Subscribers, 31.00
6 Subscribers, 38.00
6 Subscribers, 29.00
6 Subscribers, 33.00
6 Subscribers, 44.00
6 Subscribers, 37.00
6 Subscribers, 35.00
6 Subscribers, 28.00
6 Subscribers, 35.00
6 Subscribers, 40.00
6 Subscribers, 33.00
6 Subscribers, 33.00
6 Subscribers, 32.00
6 Subscribers, 28.00
6 Subscribers, 36.00
6 Subscribers, 37.00
6 Subscribers, 41.00
6 Subscribers, 45.00
6 Subscribers, 35.00
6 Subscribers, 39.00
6 Subscribers, 38.00
6 Subscribers, 33.00
6 Subscribers, 31.00
6 Subscribers, 25.00
6 Subscribers, 33.00
6 Subscribers, 33.00
6 Subscribers, 28.00
6 Subscribers, 35.00
6 Subscribers, 35.00
6 Subscribers, 43.00
6 Subscribers, 33.00
6 Subscribers, 40.00
6 Subscribers, 30.00
6 Subscribers, 51.00
6 Subscribers, 26.00
6 Subscribers, 39.00
6 Subscribers, 37.00
6 Subscribers, 37.00
6 Subscribers, 40.00
6 Subscribers, 30.00
6 Subscribers, 45.00
6 Subscribers, 45.00
6 Subscribers, 28.00
6 Subscribers, 29.00
6 Subscribers, 37.00
6 Subscribers, 38.00
6 Subscribers, 34.00
6 Subscribers, 35.00
6 Subscribers, 34.00
6 Subscribers, 35.00
6 Subscribers, 38.00
6 Subscribers, 28.00
6 Subscribers, 39.00
6 Subscribers, 35.00
6 Subscribers, 42.00
6 Subscribers, 28.00
6 Subscribers, 31.00
6 Subscribers, 34.00
6 Subscribers, 33.00
6 Subscribers, 37.00
6 Subscribers, 44.00
6 Subscribers, 33.00
6 Subscribers, 43.00
6 Subscribers, 33.00
6 Subscribers, 44.00
6 Subscribers, 37.00
6 Subscribers, 40.00
6 Subscribers, 27.00
6 Subscribers, 37.00
6 Subscribers, 40.00
6 Subscribers, 36.00
6 Subscribers, 32.00
6 Subscribers, 35.00
6 Subscribers, 32.00
6 Subscribers, 34.00
6 Subscribers, 24.00
6 Subscribers, 34.00
6 Subscribers, 31.00
6 Subscribers, 43.00
6 Subscribers, 33.00
6 Subscribers, 30.00
6 Subscribers, 41.00
6 Subscribers, 38.00
6 Subscribers, 30.00
6 Subscribers, 34.00
6 Subscribers, 36.00
6 Subscribers, 40.00
6 Subscribers, 33.00
6 Subscribers, 40.00
6 Subscribers, 35.00
6 Subscribers, 44.00
6 Subscribers, 46.00
6 Subscribers, 32.00
6 Subscribers, 26.00
6 Subscribers, 31.00
6 Subscribers, 35.00
6 Subscribers, 39.00
6 Subscribers, 30.00
6 Subscribers, 25.00
6 Subscribers, 26.00
6 Subscribers, 36.00
6 Subscribers, 35.00
6 Subscribers, 31.00
6 Subscribers, 30.00
6 Subscribers, 32.00
6 Subscribers, 35.00
6 Subscribers, 27.00
6 Subscribers, 33.00
6 Subscribers, 27.00
6 Subscribers, 27.00
6 Subscribers, 34.00
6 Subscribers, 29.00
6 Subscribers, 33.00
6 Subscribers, 38.00
6 Subscribers, 29.00
6 Subscribers, 36.00
6 Subscribers, 34.00
6 Subscribers, 40.00
6 Subscribers, 47.00
6 Subscribers, 42.00
6 Subscribers, 35.00
6 Subscribers, 37.00
6 Subscribers, 34.00
6 Subscribers, 35.00
6 Subscribers, 34.00
6 Subscribers, 26.00
6 Subscribers, 33.00
6 Subscribers, 28.00
6 Subscribers, 42.00
6 Subscribers, 31.00
6 Subscribers, 36.00
6 Subscribers, 37.00
6 Subscribers, 27.00
6 Subscribers, 32.00
6 Subscribers, 31.00
6 Subscribers, 32.00
6 Subscribers, 40.00
6 Subscribers, 34.00
6 Subscribers, 41.00
6 Subscribers, 30.00
6 Subscribers, 38.00
6 Subscribers, 33.00
6 Subscribers, 30.00
6 Subscribers, 35.00
6 Subscribers, 27.00
6 Subscribers, 38.00
6 Subscribers, 32.00
6 Subscribers, 41.00
6 Subscribers, 36.00
6 Subscribers, 35.00
6 Subscribers, 37.00
6 Subscribers, 26.00
6 Subscribers, 35.00
6 Subscribers, 36.00
6 Subscribers, 34.00
6 Subscribers, 36.00
6 Subscribers, 38.00
6 Subscribers, 35.00
6 Subscribers, 36.00
6 Subscribers, 28.00
6 Subscribers, 28.00
6 Subscribers, 38.00
6 Subscribers, 39.00
6 Subscribers, 33.00
6 Subscribers, 43.00
6 Subscribers, 35.00
6 Subscribers, 36.00
6 Subscribers, 28.00
6 Subscribers, 26.00
6 Subscribers, 38.00
6 Subscribers, 33.00
6 Subscribers, 30.00
6 Subscribers, 30.00
6 Subscribers, 41.00
6 Subscribers, 34.00
6 Subscribers, 28.00
6 Subscribers, 35.00
6 Subscribers, 39.00
6 Subscribers, 29.00
6 Subscribers, 30.00
6 Subscribers, 36.00
6 Subscribers, 44.00
6 Subscribers, 32.00
6 Subscribers, 30.00
6 Subscribers, 30.00
6 Subscribers, 28.00
6 Subscribers, 37.00
6 Subscribers, 51.00
6 Subscribers, 33.00
6 Subscribers, 36.00
6 Subscribers, 31.00
6 Subscribers, 33.00
6 Subscribers, 40.00
6 Subscribers, 29.00
6 Subscribers, 31.00
6 Subscribers, 32.00
6 Subscribers, 31.00
6 Subscribers, 39.00
6 Subscribers, 37.00
6 Subscribers, 37.00
6 Subscribers, 30.00
6 Subscribers, 32.00
6 Subscribers, 33.00
6 Subscribers, 48.00
6 Subscribers, 37.00
6 Subscribers, 32.00
6 Subscribers, 36.00
6 Subscribers, 42.00
6 Subscribers, 29.00
6 Subscribers, 35.00
6 Subscribers, 25.00
6 Subscribers, 35.00
6 Subscribers, 36.00
6 Subscribers, 36.00
6 Subscribers, 40.00
6 Subscribers, 28.00
6 Subscribers, 46.00
6 Subscribers, 37.00
6 Subscribers, 36.00
6 Subscribers, 31.00
6 Subscribers, 34.00
6 Subscribers, 32.00
6 Subscribers, 38.00
6 Subscribers, 30.00
6 Subscribers, 28.00
6 Subscribers, 35.00
6 Subscribers, 34.00
6 Subscribers, 30.00
6 Subscribers, 31.00
6 Subscribers, 37.00
6 Subscribers, 26.00
6 Subscribers, 32.00
6 Subscribers, 28.00
6 Subscribers, 35.00
6 Subscribers, 26.00
6 Subscribers, 33.00
6 Subscribers, 41.00
6 Subscribers, 35.00
6 Subscribers, 34.00
6 Subscribers, 28.00
6 Subscribers, 34.00
6 Subscribers, 35.00
6 Subscribers, 37.00
6 Subscribers, 38.00
6 Subscribers, 35.00
6 Subscribers, 27.00
6 Subscribers, 37.00
6 Subscribers, 33.00
6 Subscribers, 31.00
6 Subscribers, 31.00
6 Subscribers, 36.00
6 Subscribers, 33.00
6 Subscribers, 39.00
6 Subscribers, 26.00
6 Subscribers, 34.00
6 Subscribers, 33.00
6 Subscribers, 41.00
6 Subscribers, 32.00
6 Subscribers, 32.00
6 Subscribers, 37.00
6 Subscribers, 52.00
6 Subscribers, 25.00
6 Subscribers, 35.00
6 Subscribers, 33.00
6 Subscribers, 48.00
6 Subscribers, 39.00
6 Subscribers, 26.00
6 Subscribers, 34.00
6 Subscribers, 38.00
6 Subscribers, 40.00
6 Subscribers, 38.00
6 Subscribers, 30.00
6 Subscribers, 41.00
6 Subscribers, 32.00
6 Subscribers, 29.00
6 Subscribers, 31.00
6 Subscribers, 30.00
6 Subscribers, 34.00
6 Subscribers, 33.00
6 Subscribers, 40.00
6 Subscribers, 36.00
6 Subscribers, 30.00
6 Subscribers, 35.00
6 Subscribers, 36.00
6 Subscribers, 32.00
6 Subscribers, 25.00
6 Subscribers, 27.00
6 Subscribers, 38.00
6 Subscribers, 31.00
6 Subscribers, 34.00
6 Subscribers, 43.00
6 Subscribers, 30.00
6 Subscribers, 39.00
6 Subscribers, 28.00
6 Subscribers, 31.00
6 Subscribers, 36.00
6 Subscribers, 49.00
6 Subscribers, 38.00
6 Subscribers, 39.00
6 Subscribers, 40.00
6 Subscribers, 38.00
6 Subscribers, 33.00
6 Subscribers, 35.00
6 Subscribers, 34.00
6 Subscribers, 41.00
6 Subscribers, 27.00
6 Subscribers, 36.00
6 Subscribers, 43.00
6 Subscribers, 44.00
6 Subscribers, 37.00
6 Subscribers, 35.00
6 Subscribers, 29.00
6 Subscribers, 29.00
6 Subscribers, 33.00
6 Subscribers, 31.00
6 Subscribers, 36.00
6 Subscribers, 32.00
6 Subscribers, 30.00
6 Subscribers, 49.00
6 Subscribers, 37.00
6 Subscribers, 37.00
6 Subscribers, 37.00
6 Subscribers, 34.00
6 Subscribers, 35.00
6 Subscribers, 30.00
6 Subscribers, 29.00
6 Subscribers, 31.00
6 Subscribers, 33.00
6 Subscribers, 36.00
6 Subscribers, 33.00
6 Subscribers, 30.00
6 Subscribers, 36.00
6 Subscribers, 36.00
6 Subscribers, 26.00
6 Subscribers, 37.00
6 Subscribers, 33.00
6 Subscribers, 27.00
6 Subscribers, 34.00
6 Subscribers, 38.00
6 Subscribers, 41.00
6 Subscribers, 28.00
6 Subscribers, 39.00
6 Subscribers, 30.00
6 Subscribers, 34.00
6 Subscribers, 30.00
6 Subscribers, 28.00
6 Subscribers, 30.00
6 Subscribers, 27.00
6 Subscribers, 32.00
6 Subscribers, 31.00
6 Subscribers, 36.00
6 Subscribers, 39.00
6 Subscribers, 27.00
6 Subscribers, 30.00
6 Subscribers, 30.00
6 Subscribers, 48.00
6 Subscribers, 37.00
6 Subscribers, 26.00
6 Subscribers, 38.00
6 Subscribers, 33.00
6 Subscribers, 34.00
6 Subscribers, 25.00
6 Subscribers, 36.00
6 Subscribers, 29.00
6 Subscribers, 38.00
6 Subscribers, 53.00
6 Subscribers, 27.00
6 Subscribers, 34.00
6 Subscribers, 29.00
6 Subscribers, 37.00
6 Subscribers, 28.00
6 Subscribers, 28.00
6 Subscribers, 35.00
6 Subscribers, 31.00
6 Subscribers, 49.00
6 Subscribers, 26.00
6 Subscribers, 30.00
6 Subscribers, 30.00
6 Subscribers, 24.00
6 Subscribers, 27.00
6 Subscribers, 39.00
6 Subscribers, 32.00
6 Subscribers, 34.00
6 Subscribers, 31.00
6 Subscribers, 31.00
6 Subscribers, 31.00
6 Subscribers, 29.00
6 Subscribers, 29.00
6 Subscribers, 29.00
6 Subscribers, 30.00
6 Subscribers, 38.00
6 Subscribers, 32.00
6 Subscribers, 29.00
6 Subscribers, 41.00
6 Subscribers, 33.00
6 Subscribers, 31.00
6 Subscribers, 43.00
6 Subscribers, 29.00
6 Subscribers, 32.00
6 Subscribers, 25.00
6 Subscribers, 44.00
6 Subscribers, 34.00
6 Subscribers, 33.00
6 Subscribers, 30.00
6 Subscribers, 38.00
6 Subscribers, 26.00
6 Subscribers, 37.00
6 Subscribers, 29.00
6 Subscribers, 34.00
6 Subscribers, 34.00
6 Subscribers, 35.00
6 Subscribers, 46.00
6 Subscribers, 30.00
6 Subscribers, 36.00
6 Subscribers, 38.00
6 Subscribers, 34.00
6 Subscribers, 31.00
6 Subscribers, 40.00
6 Subscribers, 31.00
6 Subscribers, 40.00
6 Subscribers, 33.00
6 Subscribers, 33.00
6 Subscribers, 34.00
6 Subscribers, 30.00
8 Subscribers, 27.00
8 Subscribers, 32.00
8 Subscribers, 34.00
8 Subscribers, 42.00
8 Subscribers, 33.00
8 Subscribers, 28.00
8 Subscribers, 46.00
8 Subscribers, 35.00
8 Subscribers, 37.00
8 Subscribers, 38.00
8 Subscribers, 42.00
8 Subscribers, 41.00
8 Subscribers, 36.00
8 Subscribers, 36.00
8 Subscribers, 24.00
8 Subscribers, 36.00
8 Subscribers, 33.00
8 Subscribers, 38.00
8 Subscribers, 36.00
8 Subscribers, 39.00
8 Subscribers, 34.00
8 Subscribers, 28.00
8 Subscribers, 35.00
8 Subscribers, 34.00
8 Subscribers, 35.00
8 Subscribers, 38.00
8 Subscribers, 38.00
8 Subscribers, 38.00
8 Subscribers, 31.00
8 Subscribers, 26.00
8 Subscribers, 36.00
8 Subscribers, 38.00
8 Subscribers, 40.00
8 Subscribers, 45.00
8 Subscribers, 26.00
8 Subscribers, 27.00
8 Subscribers, 37.00
8 Subscribers, 27.00
8 Subscribers, 39.00
8 Subscribers, 24.00
8 Subscribers, 36.00
8 Subscribers, 28.00
8 Subscribers, 38.00
8 Subscribers, 31.00
8 Subscribers, 34.00
8 Subscribers, 33.00
8 Subscribers, 28.00
8 Subscribers, 33.00
8 Subscribers, 32.00
8 Subscribers, 33.00
8 Subscribers, 30.00
8 Subscribers, 31.00
8 Subscribers, 36.00
8 Subscribers, 29.00
8 Subscribers, 29.00
8 Subscribers, 32.00
8 Subscribers, 34.00
8 Subscribers, 27.00
8 Subscribers, 40.00
8 Subscribers, 37.00
8 Subscribers, 29.00
8 Subscribers, 43.00
8 Subscribers, 43.00
8 Subscribers, 35.00
8 Subscribers, 30.00
8 Subscribers, 29.00
8 Subscribers, 29.00
8 Subscribers, 27.00
8 Subscribers, 34.00
8 Subscribers, 29.00
8 Subscribers, 31.00
8 Subscribers, 39.00
8 Subscribers, 31.00
8 Subscribers, 48.00
8 Subscribers, 40.00
8 Subscribers, 38.00
8 Subscribers, 35.00
8 Subscribers, 31.00
8 Subscribers, 31.00
8 Subscribers, 28.00
8 Subscribers, 40.00
8 Subscribers, 35.00
8 Subscribers, 33.00
8 Subscribers, 34.00
8 Subscribers, 36.00
8 Subscribers, 35.00
8 Subscribers, 29.00
8 Subscribers, 30.00
8 Subscribers, 38.00
8 Subscribers, 28.00
8 Subscribers, 28.00
8 Subscribers, 29.00
8 Subscribers, 30.00
8 Subscribers, 30.00
8 Subscribers, 36.00
8 Subscribers, 29.00
8 Subscribers, 32.00
8 Subscribers, 27.00
8 Subscribers, 56.00
8 Subscribers, 35.00
8 Subscribers, 25.00
8 Subscribers, 28.00
8 Subscribers, 36.00
8 Subscribers, 31.00
8 Subscribers, 26.00
8 Subscribers, 33.00
8 Subscribers, 31.00
8 Subscribers, 27.00
8 Subscribers, 36.00
8 Subscribers, 30.00
8 Subscribers, 29.00
8 Subscribers, 26.00
8 Subscribers, 28.00
8 Subscribers, 37.00
8 Subscribers, 28.00
8 Subscribers, 32.00
8 Subscribers, 26.00
8 Subscribers, 39.00
8 Subscribers, 31.00
8 Subscribers, 42.00
8 Subscribers, 32.00
8 Subscribers, 33.00
8 Subscribers, 30.00
8 Subscribers, 38.00
8 Subscribers, 36.00
8 Subscribers, 27.00
8 Subscribers, 32.00
8 Subscribers, 33.00
8 Subscribers, 39.00
8 Subscribers, 27.00
8 Subscribers, 32.00
8 Subscribers, 28.00
8 Subscribers, 40.00
8 Subscribers, 38.00
8 Subscribers, 36.00
8 Subscribers, 33.00
8 Subscribers, 30.00
8 Subscribers, 32.00
8 Subscribers, 33.00
8 Subscribers, 32.00
8 Subscribers, 37.00
8 Subscribers, 28.00
8 Subscribers, 26.00
8 Subscribers, 31.00
8 Subscribers, 32.00
8 Subscribers, 33.00
8 Subscribers, 30.00
8 Subscribers, 36.00
8 Subscribers, 31.00
8 Subscribers, 26.00
8 Subscribers, 31.00
8 Subscribers, 33.00
8 Subscribers, 45.00
8 Subscribers, 37.00
8 Subscribers, 35.00
8 Subscribers, 30.00
8 Subscribers, 30.00
8 Subscribers, 35.00
8 Subscribers, 32.00
8 Subscribers, 29.00
8 Subscribers, 29.00
8 Subscribers, 35.00
8 Subscribers, 37.00
8 Subscribers, 35.00
8 Subscribers, 36.00
8 Subscribers, 32.00
8 Subscribers, 26.00
8 Subscribers, 26.00
8 Subscribers, 28.00
8 Subscribers, 36.00
8 Subscribers, 29.00
8 Subscribers, 38.00
8 Subscribers, 29.00
8 Subscribers, 31.00
8 Subscribers, 26.00
8 Subscribers, 28.00
8 Subscribers, 27.00
8 Subscribers, 29.00
8 Subscribers, 37.00
8 Subscribers, 28.00
8 Subscribers, 27.00
8 Subscribers, 32.00
8 Subscribers, 36.00
8 Subscribers, 28.00
8 Subscribers, 26.00
8 Subscribers, 36.00
8 Subscribers, 28.00
8 Subscribers, 35.00
8 Subscribers, 33.00
8 Subscribers, 35.00
8 Subscribers, 29.00
8 Subscribers, 37.00
8 Subscribers, 30.00
8 Subscribers, 44.00
8 Subscribers, 34.00
8 Subscribers, 39.00
8 Subscribers, 30.00
8 Subscribers, 29.00
8 Subscribers, 31.00
8 Subscribers, 35.00
8 Subscribers, 32.00
8 Subscribers, 32.00
8 Subscribers, 30.00
8 Subscribers, 29.00
8 Subscribers, 31.00
8 Subscribers, 36.00
8 Subscribers, 43.00
8 Subscribers, 40.00
8 Subscribers, 41.00
8 Subscribers, 34.00
8 Subscribers, 36.00
8 Subscribers, 28.00
8 Subscribers, 28.00
8 Subscribers, 35.00
8 Subscribers, 40.00
8 Subscribers, 34.00
8 Subscribers, 36.00
8 Subscribers, 29.00
8 Subscribers, 30.00
8 Subscribers, 30.00
8 Subscribers, 38.00
8 Subscribers, 30.00
8 Subscribers, 27.00
8 Subscribers, 30.00
8 Subscribers, 29.00
8 Subscribers, 29.00
8 Subscribers, 34.00
8 Subscribers, 30.00
8 Subscribers, 34.00
8 Subscribers, 31.00
8 Subscribers, 28.00
8 Subscribers, 28.00
8 Subscribers, 30.00
8 Subscribers, 29.00
8 Subscribers, 28.00
8 Subscribers, 27.00
8 Subscribers, 27.00
8 Subscribers, 41.00
8 Subscribers, 42.00
8 Subscribers, 28.00
8 Subscribers, 29.00
8 Subscribers, 30.00
8 Subscribers, 40.00
8 Subscribers, 26.00
8 Subscribers, 30.00
8 Subscribers, 27.00
8 Subscribers, 36.00
8 Subscribers, 30.00
8 Subscribers, 29.00
8 Subscribers, 30.00
8 Subscribers, 32.00
8 Subscribers, 31.00
8 Subscribers, 36.00
8 Subscribers, 31.00
8 Subscribers, 37.00
8 Subscribers, 32.00
8 Subscribers, 26.00
8 Subscribers, 33.00
8 Subscribers, 44.00
8 Subscribers, 37.00
8 Subscribers, 33.00
8 Subscribers, 26.00
8 Subscribers, 29.00
8 Subscribers, 26.00
8 Subscribers, 35.00
8 Subscribers, 30.00
8 Subscribers, 36.00
8 Subscribers, 33.00
8 Subscribers, 35.00
8 Subscribers, 27.00
8 Subscribers, 30.00
8 Subscribers, 32.00
8 Subscribers, 47.00
8 Subscribers, 38.00
8 Subscribers, 28.00
8 Subscribers, 24.00
8 Subscribers, 23.00
8 Subscribers, 31.00
8 Subscribers, 35.00
8 Subscribers, 37.00
8 Subscribers, 34.00
8 Subscribers, 30.00
8 Subscribers, 36.00
8 Subscribers, 26.00
8 Subscribers, 32.00
8 Subscribers, 35.00
8 Subscribers, 33.00
8 Subscribers, 24.00
8 Subscribers, 25.00
8 Subscribers, 33.00
8 Subscribers, 32.00
8 Subscribers, 26.00
8 Subscribers, 25.00
8 Subscribers, 30.00
8 Subscribers, 41.00
8 Subscribers, 31.00
8 Subscribers, 45.00
8 Subscribers, 50.00
8 Subscribers, 47.00
8 Subscribers, 42.00
8 Subscribers, 37.00
8 Subscribers, 28.00
8 Subscribers, 38.00
8 Subscribers, 39.00
8 Subscribers, 33.00
8 Subscribers, 30.00
8 Subscribers, 28.00
8 Subscribers, 34.00
8 Subscribers, 41.00
8 Subscribers, 37.00
8 Subscribers, 30.00
8 Subscribers, 30.00
8 Subscribers, 34.00
8 Subscribers, 33.00
8 Subscribers, 38.00
8 Subscribers, 31.00
8 Subscribers, 38.00
8 Subscribers, 29.00
8 Subscribers, 27.00
8 Subscribers, 28.00
8 Subscribers, 36.00
8 Subscribers, 34.00
8 Subscribers, 31.00
8 Subscribers, 37.00
8 Subscribers, 28.00
8 Subscribers, 38.00
8 Subscribers, 28.00
8 Subscribers, 27.00
8 Subscribers, 29.00
8 Subscribers, 28.00
8 Subscribers, 29.00
8 Subscribers, 41.00
8 Subscribers, 34.00
8 Subscribers, 30.00
8 Subscribers, 28.00
8 Subscribers, 28.00
8 Subscribers, 27.00
8 Subscribers, 37.00
8 Subscribers, 35.00
8 Subscribers, 37.00
8 Subscribers, 28.00
8 Subscribers, 33.00
8 Subscribers, 28.00
8 Subscribers, 47.00
8 Subscribers, 39.00
8 Subscribers, 30.00
8 Subscribers, 31.00
8 Subscribers, 29.00
8 Subscribers, 38.00
8 Subscribers, 27.00
8 Subscribers, 29.00
8 Subscribers, 33.00
8 Subscribers, 30.00
8 Subscribers, 32.00
8 Subscribers, 33.00
8 Subscribers, 38.00
8 Subscribers, 32.00
8 Subscribers, 29.00
8 Subscribers, 31.00
8 Subscribers, 33.00
8 Subscribers, 27.00
8 Subscribers, 26.00
8 Subscribers, 27.00
8 Subscribers, 41.00
8 Subscribers, 39.00
8 Subscribers, 30.00
8 Subscribers, 29.00
8 Subscribers, 26.00
8 Subscribers, 40.00
8 Subscribers, 36.00
8 Subscribers, 39.00
8 Subscribers, 31.00
8 Subscribers, 28.00
8 Subscribers, 36.00
8 Subscribers, 30.00
8 Subscribers, 32.00
8 Subscribers, 31.00
8 Subscribers, 34.00
8 Subscribers, 26.00
8 Subscribers, 28.00
8 Subscribers, 30.00
8 Subscribers, 37.00
8 Subscribers, 30.00
8 Subscribers, 33.00
8 Subscribers, 29.00
8 Subscribers, 32.00
8 Subscribers, 43.00
8 Subscribers, 40.00
8 Subscribers, 32.00
8 Subscribers, 47.00
8 Subscribers, 34.00
8 Subscribers, 32.00
8 Subscribers, 31.00
8 Subscribers, 31.00
8 Subscribers, 30.00
8 Subscribers, 40.00
8 Subscribers, 35.00
8 Subscribers, 35.00
8 Subscribers, 34.00
8 Subscribers, 28.00
8 Subscribers, 28.00
8 Subscribers, 27.00
8 Subscribers, 33.00
8 Subscribers, 36.00
8 Subscribers, 31.00
8 Subscribers, 27.00
8 Subscribers, 39.00
8 Subscribers, 33.00
8 Subscribers, 29.00
8 Subscribers, 37.00
8 Subscribers, 29.00
8 Subscribers, 32.00
8 Subscribers, 32.00
8 Subscribers, 31.00
8 Subscribers, 31.00
8 Subscribers, 40.00
8 Subscribers, 28.00
8 Subscribers, 27.00
8 Subscribers, 34.00
8 Subscribers, 34.00
8 Subscribers, 32.00
8 Subscribers, 40.00
8 Subscribers, 28.00
8 Subscribers, 28.00
8 Subscribers, 38.00
8 Subscribers, 36.00
8 Subscribers, 52.00
8 Subscribers, 28.00
8 Subscribers, 27.00
8 Subscribers, 33.00
8 Subscribers, 33.00
8 Subscribers, 32.00
8 Subscribers, 33.00
8 Subscribers, 34.00
8 Subscribers, 31.00
8 Subscribers, 31.00
8 Subscribers, 33.00
8 Subscribers, 28.00
8 Subscribers, 33.00
8 Subscribers, 38.00
8 Subscribers, 29.00
8 Subscribers, 36.00
8 Subscribers, 31.00
8 Subscribers, 38.00
8 Subscribers, 34.00
8 Subscribers, 27.00
8 Subscribers, 39.00
8 Subscribers, 44.00
8 Subscribers, 29.00
8 Subscribers, 36.00
8 Subscribers, 39.00
8 Subscribers, 30.00
8 Subscribers, 27.00
8 Subscribers, 34.00
8 Subscribers, 28.00
8 Subscribers, 29.00
8 Subscribers, 34.00
8 Subscribers, 37.00
8 Subscribers, 26.00
8 Subscribers, 28.00
8 Subscribers, 31.00
8 Subscribers, 38.00
8 Subscribers, 28.00
8 Subscribers, 29.00
8 Subscribers, 32.00
8 Subscribers, 32.00
8 Subscribers, 35.00
8 Subscribers, 31.00
8 Subscribers, 30.00
8 Subscribers, 32.00
8 Subscribers, 38.00
8 Subscribers, 28.00
8 Subscribers, 32.00
8 Subscribers, 30.00
8 Subscribers, 39.00
8 Subscribers, 29.00
8 Subscribers, 42.00
8 Subscribers, 30.00
8 Subscribers, 27.00
8 Subscribers, 31.00
8 Subscribers, 25.00
8 Subscribers, 26.00
8 Subscribers, 33.00
8 Subscribers, 27.00
8 Subscribers, 36.00
8 Subscribers, 32.00
8 Subscribers, 34.00
8 Subscribers, 54.00
8 Subscribers, 30.00
8 Subscribers, 37.00
8 Subscribers, 27.00
8 Subscribers, 27.00
8 Subscribers, 37.00
8 Subscribers, 30.00
8 Subscribers, 26.00
8 Subscribers, 35.00
8 Subscribers, 27.00
8 Subscribers, 27.00
8 Subscribers, 27.00
8 Subscribers, 32.00
